{"cameraMode":{"drawMode":0,"name":"Shaded","section":"Shading Mode"},"sceneLighting":true,"audioPlay":false,"sceneViewState":{"m_AlwaysRefresh":false,"showFog":true,"showSkybox":true,"showFlares":true,"showImageEffects":true,"showParticleSystems":true,"showVisualEffectGraphs":true,"m_FxEnabled":true},"in2DMode":false,"pivot":{"x":32.02092361450195,"y":18.492019653320314,"z":20.664854049682618},"rotation":{"x":0.015226480551064015,"y":0.9509082436561585,"z":-0.047403596341609958,"w":0.3054417371749878},"size":23.092641830444337,"orthographic":false}